dataset,model,attack,attack_success_rates,l0_distances,l1_distances,l2_distances,linf_distances,mahalanobis_distances,sensitivity,outliner_rates,epsilons
Adult,LogisticRegression,L2Gaussian,0.1962229387379088,54.77073552425665,0.24736283558635086,0.716037049493133,4.250594299537289,2.845916563363068,0.07964906789339112,0.20109546165884193,1.0
Adult,LogisticRegression,LinfFGSM,0.9996929218486105,45.031485178927966,0.3000000156147508,1.9564633919994616,13.332932450917436,6.461550740381431,0.1324224120434794,0.9986177238519429,0.3
Adult,LogisticRegression,LinfPGD,0.9996929218486105,45.031485178927966,0.3000000144933303,1.9459641904915885,13.248288054269244,6.289253732274209,0.1324224113877917,0.9980033788972508,0.3
Adult,LogisticRegression,LinfBIM,0.9996929218486105,45.031485178927966,0.3000000156147508,1.9564633919994616,13.332932450917436,6.461550740381431,0.1324224120434794,0.9986177238519429,0.3
Adult,LogisticRegression,L2CarliniWagner,0.19545524335943498,104.815396700707,0.0253701618582139,0.03818496363004768,0.07226923316679104,2.2374974768521874,0.004228812310383089,0.14218381775333858,0.5
Adult,LogisticRegression,L2DeepFool,0.8334101028711807,34.355563743551954,0.1825286121045956,0.4113416766837739,1.8891326372202675,4.115557247004734,0.08938635627419392,0.523581429624171,1.0
Adult,MLP,L2Gaussian,0.2207891908490711,54.540333796940196,0.12417669615012714,0.3587233045958345,2.1257900338676943,2.422650330551158,0.040136367410307384,0.1376912378303199,0.5
Adult,MLP,LinfFGSM,0.6304314448027023,5.59157330735509,0.9193684334761911,1.7042775462661437,3.853392994293514,18.039128067757705,2.8704280956338453,1.0,1.0
Adult,MLP,LinfPGD,0.831874712114233,55.12624584717608,0.9948583250447981,4.417380400186273,28.631458303593057,17.36193290496623,0.3184794001377522,1.0,1.0
Adult,MLP,LinfBIM,0.6304314448027023,5.59157330735509,0.9193684334761911,1.7042775462661437,3.853392994293514,18.039128067757705,2.8704280956338453,1.0,1.0
Adult,MLP,L2CarliniWagner,0.24120988791647474,104.73583704646722,5.066962432493305e-07,5.091219988880107e-06,5.173912692167704e-05,2.507065489750395,8.467319730915462e-08,0.15977084659452578,0.01
Adult,MLP,L2DeepFool,0.41409488714877934,3.5628476084538376,0.2897526827608631,0.36242491660046044,0.6756166691406591,5.586746982290903,0.8500209202198985,0.5650723025583982,1.0
Adult,TabTransformer,L2Gaussian,0.21802548748656533,54.91549295774648,0.12454255019694986,0.3608027036760894,2.147003849795167,2.4491294895816442,0.03999491218267612,0.14507042253521127,0.5
Adult,TabTransformer,LinfFGSM,0.5235682481191464,5.10117302052786,0.9667607385042476,1.4883601893252991,3.029888522834722,16.103599155330272,3.3688746922176955,1.0,1.0
Adult,TabTransformer,LinfPGD,0.7415937356057116,55.57432712215321,0.49650893095981014,2.176122678288762,14.087379412818892,8.467316304091808,0.15764687119618706,1.0,0.5
Adult,TabTransformer,LinfBIM,0.5725472132657762,5.562080986859748,0.4680088084659617,0.8131165135702776,1.748635210678257,8.512304152172542,1.4862262496170777,1.0,0.5
Adult,TabTransformer,L2CarliniWagner,0.24120988791647474,104.73583704646722,5.066962432493305e-07,5.091219988880107e-06,5.173912692167704e-05,2.507065489750395,8.467319730915462e-08,0.15977084659452578,0.01
Adult,TabTransformer,L2DeepFool,0.57653922923384,3.8199733688415445,0.20654705334305962,0.30536064571103333,0.6233216765107737,3.9927617219294356,0.6964028939304497,0.4620505992010652,1.0
Adult,FTTransformer,L2Gaussian,0.2220175034546292,54.708852005532506,0.24942740628993032,0.7190401753202019,4.262984885879242,2.9418324133758067,0.08036516014007365,0.20401106500691563,1.0
Adult,FTTransformer,LinfFGSM,0.8966682020574236,4.926541095890411,0.30000001627390516,0.6352948924398993,1.3860092710346392,5.926571177198326,1.0766049138385139,0.9662671232876713,0.3
Adult,FTTransformer,LinfPGD,0.9669890987256257,54.936805335026996,0.4997659897039564,2.2513730043871285,14.534943043220304,10.208803059651444,0.16056346406857905,0.9993648777389648,0.5
Adult,FTTransformer,LinfBIM,0.9920159680638723,5.1386782231852655,0.49591642909929345,0.9583757236090225,2.0746158710612432,9.94436631778504,1.7112457076843781,1.0,0.5
Adult,FTTransformer,L2CarliniWagner,0.3056962997082758,93.09693621295831,0.046542334973967404,0.1344778252084027,0.4340214584771654,2.3167951003010634,0.05875906076507685,0.13862380713209443,1.0
Adult,FTTransformer,L2DeepFool,0.9754337478888377,3.881945537541319,0.22821074759380358,0.30285609875968106,0.4932727556607396,2.639581074864839,0.8710408877525029,0.1986463088304738,1.0
Electricity,LogisticRegression,L2Gaussian,0.41156349994483066,10.506434316353888,0.4785729331800829,0.7795389913202291,2.0011229662569217,17.424936418732898,0.6044942895984202,0.9332439678284182,1.0
Electricity,LogisticRegression,LinfFGSM,0.9996689837802052,10.11346578366446,0.30000002335502085,0.8874451556676797,2.6999537892425822,20.656870103703483,0.4124945101655082,0.6398454746136866,0.3
Electricity,LogisticRegression,LinfPGD,0.9995586450402736,10.11314714648416,0.30000001992501885,0.8523596049684182,2.5723493181720896,20.67968980896898,0.4125065996935331,0.645435478529639,0.3
Electricity,LogisticRegression,LinfBIM,0.9996689837802052,10.11346578366446,0.30000002335502085,0.8874451556676797,2.6999537892425822,20.656870103703483,0.4124945101655082,0.6398454746136866,0.3
Electricity,LogisticRegression,L2CarliniWagner,0.9961381441023943,13.875387682764732,0.09863970296779563,0.16732992292401913,0.35880668769425417,2.4532546970030658,0.09249278347883816,0.05062029242357111,1.0
Electricity,LogisticRegression,L2DeepFool,0.9984552576409578,6.069841971488562,0.06732944634887432,0.09773719792448833,0.2285340938371882,5.0719480133054615,0.10473981621254642,0.3908719195491214,0.5
Electricity,MLP,L2Gaussian,0.4835043583802273,10.450707439525331,0.4756248189516396,0.7695324178130482,1.9719732269637935,17.544313294114964,0.604173718033072,0.934961204929256,1.0
Electricity,MLP,LinfFGSM,0.9897384971863621,6.9798216276477145,0.10000002154937157,0.24810113325931024,0.6310249410611198,7.776863676990805,0.1881673372692222,0.596989966555184,0.1
Electricity,MLP,LinfPGD,0.9881937548273199,10.498548459133541,0.09991712409582,0.2443517751670632,0.7138217163404059,7.838306330199867,0.12703531110254102,0.614671728450201,0.1
Electricity,MLP,LinfBIM,0.9920556107249255,6.935935935935936,0.10000001869829726,0.24021379641683888,0.601371340379873,7.8605907352854105,0.18955293631224834,0.619285952619286,0.1
Electricity,MLP,L2CarliniWagner,0.9641399095222333,13.878690775921264,0.047316246921080725,0.061702965417665935,0.12196515507376642,2.4659348413662747,0.044367647909296024,0.03673609521629664,0.3
Electricity,MLP,L2DeepFool,0.9917245945051307,5.323765020026702,0.043506867882083154,0.04758518973745586,0.0752573339062753,3.1173870878086767,0.08165270871348494,0.2520026702269693,0.3
Electricity,TabTransformer,L2Gaussian,0.44334105704512855,10.47859631657541,0.4749136362808922,0.7712942548930616,1.9765194627911133,16.404130061928406,0.6022551170424658,0.9265803882528622,1.0
Electricity,TabTransformer,LinfFGSM,0.9879730773474567,6.977105204377931,0.10000002182485909,0.24542308322334758,0.6146236990668131,7.949334652568062,0.18825224285077005,0.8770381952200134,0.1
Electricity,TabTransformer,LinfPGD,0.9840008827099195,10.491253644314869,0.09998027065254615,0.23940602464074642,0.6908647347509821,7.641503797082116,0.12722401689453144,0.7247140614487553,0.1
Electricity,TabTransformer,LinfBIM,0.9905108683658833,6.856856410827671,0.10000001816656882,0.23220513538613383,0.5689549071194933,7.68974543521958,0.19210928666727095,0.782889606772864,0.1
Electricity,TabTransformer,L2CarliniWagner,0.9880834160873883,13.913791178112787,0.04964191912071707,0.07579732500345218,0.15746122913625618,2.610997994147414,0.046548389973922494,0.08732551647124512,0.3
Electricity,TabTransformer,L2DeepFool,0.9983449189010262,5.323607427055703,0.0301444704086906,0.03445203089961936,0.057963129874059396,2.737110102887578,0.05659011651055792,0.12080017683465959,0.3
Electricity,FTTransformer,L2Gaussian,0.4571333995365773,10.487328023171615,0.47386171051393006,0.7744603470280755,1.9994743280643257,16.868696542614135,0.5995249164879912,0.939898624185373,1.0
Electricity,FTTransformer,LinfFGSM,0.9887454485269779,6.9758955473719455,0.10000002171252671,0.2441773470634595,0.610984873863459,7.003997037741965,0.18829005157963505,0.5965852025443589,0.1
Electricity,FTTransformer,LinfPGD,0.9612711022840119,10.489325068870523,0.09971687438854172,0.23477453371651874,0.679044507076165,7.537539729364467,0.12687866140372497,0.684228650137741,0.1
Electricity,FTTransformer,LinfBIM,0.9901798521460885,6.757410296411856,0.09975933759087825,0.2272914707385035,0.5582939028567239,8.277290105961521,0.19490234952163452,0.7416982393581457,0.1
Electricity,FTTransformer,L2CarliniWagner,0.9696568465188128,13.920914883932635,0.044691991675149804,0.06168868018911758,0.12179428337554293,2.3301735493327858,0.04190692657867814,0.015589440145653163,0.3
Electricity,FTTransformer,L2DeepFool,0.9858766412887565,5.359485170677113,0.05355307530063488,0.05713232482889472,0.07902324591595503,2.7851519343284616,0.10068432339324439,0.12490207050923335,0.3
Compas,LogisticRegression,L2Gaussian,0.33974166416341245,31.397877984084882,0.15334791730295547,0.3621281312431096,1.6270937065863167,3.7656038046219584,0.060269626791265345,0.36074270557029176,0.5
Compas,LogisticRegression,LinfFGSM,1.0,32.74256533493541,0.3000000153317685,1.678993881124747,9.508630199380807,14.279976442202164,0.11457283029007675,1.0,0.3
Compas,LogisticRegression,LinfPGD,1.0,32.74256533493541,0.30000001423063133,1.6685945078502298,9.434833706517447,14.02385793413494,0.11457282992079294,1.0,0.3
Compas,LogisticRegression,LinfBIM,1.0,32.74256533493541,0.3000000153317685,1.678993881124747,9.508630199380807,14.279976442202164,0.11457283029007675,1.0,0.3
Compas,LogisticRegression,L2CarliniWagner,0.3544607990387504,57.91694915254237,0.0011839954699530222,0.0016729517976463964,0.0030026402331837375,2.0818396989710446,0.00024925248066984176,0.08220338983050847,0.1
Compas,LogisticRegression,L2DeepFool,0.9939921898468008,22.930190389845876,0.11749465517580383,0.2639485540275224,1.174251374812963,4.229516153675443,0.04075056114967354,0.453006950740405,1.0
Compas,MLP,L2Gaussian,0.3520576749774707,31.27901023890785,0.091784136964218,0.21697155283223646,0.9710958029934977,2.771906245241678,0.03620592937343865,0.128839590443686,0.3
Compas,MLP,LinfFGSM,0.9822769600480625,6.5498470948012235,0.4999999999544307,1.0819658329727453,2.5574099633307266,23.08461660850963,0.9889076605484756,1.0,0.5
Compas,MLP,LinfPGD,0.9981976569540403,31.51068311766476,0.4999999998654725,1.7876595638618389,8.728667449491985,22.805067476570844,0.1968021537439313,1.0,0.5
Compas,MLP,LinfBIM,0.9822769600480625,6.5498470948012235,0.4999999999544307,1.0819658329727453,2.5574099633307266,23.08461660850963,0.9889076605484756,1.0,0.5
Compas,MLP,L2CarliniWagner,0.42445178732352057,54.77777777777778,0.026918889228388025,0.07334484524450886,0.2238816776571918,2.21829579836553,0.023561416933352737,0.09200283085633404,1.0
Compas,MLP,L2DeepFool,0.9939921898468008,4.320338470837111,0.17839289411549064,0.27223330924271816,0.5532609005681175,5.92171635304958,0.35790916788401445,0.5055908129344213,1.0
Compas,TabTransformer,L2Gaussian,0.371583057975368,31.407437348423606,0.3077900184313906,0.723184294318035,3.2360538759825204,6.508390889193847,0.120928760277666,0.7801131770412287,1.0
Compas,TabTransformer,LinfFGSM,0.9819765695404026,6.1495870296726824,0.3000000153761386,0.6622668263670792,1.5281427821167823,13.333826396211393,0.6095670491192603,0.9996940960538391,0.3
Compas,TabTransformer,LinfPGD,0.9987984379693602,32.89624060150376,0.2984892451942415,1.0630897513368076,5.33651060133052,14.30213929965679,0.11211263421558797,1.0,0.3
Compas,TabTransformer,LinfBIM,0.9969960949234005,7.634528472431455,0.2917074909426427,0.6306513520959416,1.6161569020553468,14.39742394695859,0.46891563941319686,1.0,0.3
Compas,TabTransformer,L2CarliniWagner,0.42625413036948034,57.92248062015504,0.0047858411916069325,0.007397249522037828,0.013860641038872459,2.1508563251501154,0.0010075057157585756,0.09090909090909091,0.1
Compas,TabTransformer,L2DeepFool,0.9768699309101833,4.173431734317343,0.09358587131069548,0.12231603700410303,0.2355143840683071,2.9446279048829016,0.19852481740022818,0.22047970479704798,0.5
Compas,FTTransformer,L2Gaussian,0.4731150495644338,31.375238095238096,0.015285815625554986,0.03624105640465305,0.16284658699754684,1.969999344794858,0.006018611966883616,0.061587301587301586,0.05
Compas,FTTransformer,LinfFGSM,0.9984980474617002,6.531588447653429,0.30000001533689913,0.6854550517853417,1.6449166916660454,14.286446867312332,0.5949654286518854,1.0,0.3
Compas,FTTransformer,LinfPGD,0.9366176028837488,32.38486209108403,0.9784563642958175,3.139184564027058,15.115746132298263,25.5992454595952,0.37399786479431824,1.0,1.0
Compas,FTTransformer,LinfBIM,0.9948933613697807,7.146739130434782,0.2637933669105658,0.584850158866333,1.4520146780543857,11.40170204963912,0.46618800449234565,1.0,0.3
Compas,FTTransformer,L2CarliniWagner,0.507359567437669,57.89402013025459,5.144003943497147e-07,3.7438255884570845e-06,2.819730393642167e-05,1.9438465724414538,1.0849148349203259e-07,0.06275902901124926,0.01
Compas,FTTransformer,L2DeepFool,0.9939921898468008,4.494711393170142,0.11257307448770021,0.1412576371432188,0.25028325211926666,3.5316233508196757,0.21834687769113637,0.28226050166213357,0.5
Higgs,LogisticRegression,L2Gaussian,0.4752,26.142045454545453,0.3952219544906759,0.8177493257190944,3.2226042073433248,25.935488504528383,0.24245314491028436,0.9997895622895623,1.0
Higgs,LogisticRegression,LinfFGSM,0.9995,26.214907453726862,0.050000011920928955,0.24765966950117677,1.2529963901604695,11.623337095797128,0.030604683708077136,1.0,0.05
Higgs,LogisticRegression,LinfPGD,0.9989,26.21493643007308,0.05000001192018308,0.22835170249464468,1.1354225136422458,10.943089916829203,0.030604655324923454,1.0,0.05
Higgs,LogisticRegression,LinfBIM,0.9995,26.214907453726862,0.050000011920928955,0.24765966950117677,1.2529963901604695,11.623337095797128,0.030604683708077136,1.0,0.05
Higgs,LogisticRegression,L2CarliniWagner,0.9999,27.5981598159816,0.02571511751747822,0.05850994478081199,0.2468839844362373,5.856173551393611,0.014714636078460458,0.23382338233823383,0.3
Higgs,LogisticRegression,L2DeepFool,0.996,16.72309236947791,0.007872428653956237,0.013920191073614488,0.0414025567828503,5.191008803708246,0.004797216648043777,0.11927710843373494,0.1
Higgs,MLP,L2Gaussian,0.4834,26.176251551510138,0.3940172074813462,0.8175533885767403,3.226530085307387,25.501790754617623,0.24140896445026958,1.0,1.0
Higgs,MLP,LinfFGSM,0.9761,26.222210839053375,0.050000011920928955,0.24827655887593988,1.257541523276752,10.982730585655018,0.03058218721221362,0.9993853088822866,0.05
Higgs,MLP,LinfPGD,0.9874,26.565424346769294,0.049996144126014885,0.19579885417023168,0.9158493512635871,9.285707578727633,0.030189754432702998,0.9614138140571197,0.05
Higgs,MLP,LinfBIM,0.9969,25.087270538669877,0.05000001189103396,0.21816068940176292,1.0482536608566073,10.100015796174107,0.032047621862829626,0.9929782325208145,0.05
Higgs,MLP,L2CarliniWagner,0.9987,27.691699208971663,0.029783654033901905,0.06980552268985712,0.29485777025881976,5.911011274855867,0.017042721440895643,0.24622008611194554,0.3
Higgs,MLP,L2DeepFool,0.9862,18.933076455080105,0.01146265312760526,0.016859167232545123,0.045382191115214306,5.266732866947018,0.006954053688435363,0.138105860880146,0.1
Higgs,TabTransformer,L2Gaussian,0.4995,26.16036036036036,0.39572734339041515,0.8193080128730835,3.2304712906494752,25.771638738709015,0.242607425873702,0.9997997997997998,1.0
Higgs,TabTransformer,LinfFGSM,0.9504,26.002420033670035,0.049984229088883204,0.2465672736363454,1.242810539763283,10.826862961423432,0.030879168841958057,0.9998947811447811,0.05
Higgs,TabTransformer,LinfPGD,0.9938,27.806299054135643,0.04999600686350323,0.20797552036346026,1.008814879755879,9.304747407552366,0.02882004140552548,0.9646810223384987,0.05
Higgs,TabTransformer,LinfBIM,0.9963,26.494730502860584,0.0499538410760475,0.22958624025078217,1.139051934753354,9.82653284960521,0.03030253520936879,0.9906654622101777,0.05
Higgs,TabTransformer,L2CarliniWagner,0.9953,27.663819953782777,0.028365530103222462,0.0667411432647995,0.2822405516842823,5.912207025640474,0.016231246896828255,0.2485682708731036,0.3
Higgs,TabTransformer,L2DeepFool,0.9883,17.835070322776485,0.010059596577859592,0.014598674041195178,0.0392528827809895,5.230388076719016,0.006363196400362214,0.13234847718304157,0.1
Higgs,FTTransformer,L2Gaussian,0.4855,26.15180226570546,0.39502396929767425,0.8187814639415112,3.2295957073738104,25.863541441365495,0.242229220123787,0.9997940267765191,1.0
Higgs,FTTransformer,LinfFGSM,0.9015,26.16051026067665,0.050000011920928955,0.247470075011055,1.2510008947490918,10.916398404702994,0.030662243668438328,0.9956738768718802,0.05
Higgs,FTTransformer,LinfPGD,0.9906,26.680597617605493,0.049998671514772414,0.1877140468740473,0.8587216383552109,7.6361001013012535,0.03006420831513596,0.6715122148193015,0.05
Higgs,FTTransformer,LinfBIM,0.9958,23.174432616991364,0.04999900766975503,0.18938377175160645,0.8481088443576009,7.385821921484985,0.03489943917412,0.6304478811006227,0.05
Higgs,FTTransformer,L2CarliniWagner,0.9986,27.698077308231525,0.027850123452865947,0.06237023360772598,0.2633681312136478,5.8033625408901095,0.01593632198420887,0.22291207690767073,0.3
Higgs,FTTransformer,L2DeepFool,0.9867,18.903415425154556,0.00894449311436458,0.013223626623570442,0.03255651667002554,5.234126325632789,0.005498107789474301,0.12688760514847472,0.1
BankMarketing_num,LogisticRegression,L2Gaussian,0.1206458033838328,6.065994500458295,0.00645177858099717,0.009209729611573144,0.018920339262377604,2.9135778063203306,0.03210665833368884,0.21081576535288726,0.01
BankMarketing_num,LogisticRegression,LinfFGSM,1.0,5.850713258874268,0.9981272793918219,1.5759063306720096,3.0549051056759264,116.3078106936531,5.1227971725227635,1.0,1.0
BankMarketing_num,LogisticRegression,LinfPGD,1.0,5.850713258874268,0.9981272793918219,1.5759063306720096,3.0549051056759264,116.3078106936531,5.1227971725227635,1.0,1.0
BankMarketing_num,LogisticRegression,LinfBIM,1.0,5.850713258874268,0.9981272793918219,1.5759063306720096,3.0549051056759264,116.3078106936531,5.1227971725227635,1.0,1.0
BankMarketing_num,LogisticRegression,L2CarliniWagner,0.1206458033838328,6.9019248395967,5.048824735429722e-07,1.0814535654981102e-06,2.700810710789412e-06,2.885721296691504,2.176861010942837e-06,0.21264894592117323,0.5
BankMarketing_num,LogisticRegression,L2DeepFool,0.1206458033838328,0.0,0.0,0.0,0.0,2.8857201176880705,0.0,0.21264894592117323,0.01
BankMarketing_num,MLP,L2Gaussian,0.5652991263961075,6.072378716744914,0.563112993994276,0.7634756315575333,1.4923156204870982,34.11932563473207,2.7895367340780854,0.9945226917057903,1.0
BankMarketing_num,MLP,LinfFGSM,0.9925909543293155,6.503230837789661,0.10000001362138121,0.24200900811071172,0.6021934215198544,12.007881897943692,0.4618305092289008,0.9520944741532977,0.1
BankMarketing_num,MLP,LinfPGD,0.9915957093884773,6.761793241886918,0.09993922994333432,0.22411046499118262,0.5522957578379534,11.744664241433709,0.44275254563529104,0.9479201516672243,0.1
BankMarketing_num,MLP,LinfBIM,0.9938073648125622,6.599866473795482,0.10000001278744135,0.2386008115715162,0.5981073220904709,11.894502868433056,0.455520101638555,0.9556025369978859,0.1
BankMarketing_num,MLP,L2CarliniWagner,0.15680636956762137,6.7200282087447105,0.04456717915007417,0.05613333234873075,0.09934797483757112,2.9048054822227987,0.2642598373423779,0.20380818053596614,0.5
BankMarketing_num,MLP,L2DeepFool,0.9997788344575915,5.8313239685875455,0.06323933566094904,0.08827390954994313,0.1657883309802696,7.260253625432526,0.2883144445203593,0.8491317332153523,0.3
BankMarketing_num,TabTransformer,L2Gaussian,0.23576246820745328,6.00046904315197,0.5542817365755562,0.7414598821734006,1.4318133613154096,23.701906407427472,2.7861629831997807,0.9892120075046904,1.0
BankMarketing_num,TabTransformer,LinfFGSM,0.6621696339710273,5.7834001336005345,0.4934869737637465,0.8891766942594557,1.8388964089657676,20.859566103001274,2.5335026898619804,0.9896459585838343,0.5
BankMarketing_num,TabTransformer,LinfPGD,0.5865310184673228,6.743024132730015,0.2836885995036314,0.45990450728016025,1.0126672033866697,15.397431993406117,1.2559805226232716,0.9905731523378583,0.3
BankMarketing_num,TabTransformer,LinfBIM,0.6670352759040141,6.250663129973475,0.25771851451148525,0.4323716255970823,0.9317813456399411,10.872818888701767,1.2232794413412242,0.9893899204244032,0.3
BankMarketing_num,TabTransformer,L2CarliniWagner,0.13557447749640605,6.871125611745514,0.007701080870171963,0.011105830365189343,0.021330204041603327,2.9402231442471027,0.04291662042503407,0.233278955954323,0.5
BankMarketing_num,TabTransformer,L2DeepFool,0.6669246931328099,4.742994528270602,0.17316014708000182,0.18547908612581002,0.2787301692877862,5.036247810620243,0.9022532594906757,0.7109932017907478,0.5
BankMarketing_num,FTTransformer,L2Gaussian,0.44719672674997235,5.980959446092977,0.5571879236567415,0.7627362960490788,1.5023832682273273,27.97862626545313,2.806205441863907,0.9940652818991098,1.0
BankMarketing_num,FTTransformer,LinfFGSM,0.9639500165874156,6.497762991854996,0.10000001306556788,0.24168793371959443,0.6006497327506276,11.999665845470115,0.4620460770956704,0.9574394860617185,0.1
BankMarketing_num,FTTransformer,LinfPGD,0.9476943492203914,6.652625437572929,0.09912883063545722,0.1883917553891518,0.44168916676919406,7.664418858119592,0.44626249210037455,0.8436406067677946,0.1
BankMarketing_num,FTTransformer,LinfBIM,0.9672674997235431,6.525551617697496,0.09864656889102684,0.18521591987193817,0.43366568030030767,7.070524170687831,0.45758365408332263,0.873670972904996,0.1
BankMarketing_num,FTTransformer,L2CarliniWagner,0.1218622138670795,6.91470054446461,0.0003987870036713955,0.0004781310990525388,0.0008421458890019305,2.7999950362712274,0.001691659767290149,0.18148820326678766,0.01
BankMarketing_num,FTTransformer,L2DeepFool,0.9715802278005087,5.817892101069884,0.09176584666877699,0.10145684756936964,0.16071362360327193,3.1941645410737824,0.41475546714803024,0.2456180286819941,0.3
house_16H,LogisticRegression,L2Gaussian,0.2971253017335967,15.443131462333826,0.005205696890270957,0.009603918269703074,0.030337647979933234,3.300945164068123,0.00597718242948608,0.1329394387001477,0.01
house_16H,LogisticRegression,LinfFGSM,0.9951722624533684,14.345755237045204,0.30000002001060017,0.9539432933732719,3.2920952100343714,43.08552891054006,0.3766494364499257,1.0,0.3
house_16H,LogisticRegression,LinfPGD,0.9903445249067369,14.349434965654774,0.3000000173029127,0.9141776802374469,3.1332420317265033,41.66307067551202,0.37655164347951225,1.0,0.3
house_16H,LogisticRegression,LinfBIM,0.9951722624533684,14.345755237045204,0.30000002001060017,0.9539432933732719,3.2920952100343714,43.08552891054006,0.3766494364499257,1.0,0.3
house_16H,LogisticRegression,L2CarliniWagner,0.7368883037085802,15.886539606908874,0.18816230300633754,0.3681013857796679,1.0581565288582786,16.373086097095204,0.20799928486175312,0.6497915425848719,1.0
house_16H,LogisticRegression,L2DeepFool,0.9993416721527321,9.628238910847607,0.1692256516558975,0.3276984828721027,0.9802532572369592,18.305183532390732,0.22069226397135158,0.7417654808959157,1.0
house_16H,MLP,L2Gaussian,0.47421549264867235,14.751966682091624,0.4574080866583516,0.7923031019314964,2.3258253322161773,33.138572017167014,0.5525953605088411,1.0,1.0
house_16H,MLP,LinfFGSM,0.9958305903006364,15.154473336271485,0.10000002383693245,0.3608063692272156,1.3443113721352205,13.186594974224997,0.11722931121022442,1.0,0.1
house_16H,MLP,LinfPGD,0.9945139346061005,14.918578993821713,0.10000002259242251,0.31939132837126555,1.140985442872923,12.473612374242329,0.11911224251792216,0.9964695498676082,0.1
house_16H,MLP,LinfBIM,0.9960500329163924,14.7349636483807,0.10000002378933123,0.347411996567399,1.2696141175274072,13.338693671639584,0.12072433653737144,0.9997796871557612,0.1
house_16H,MLP,L2CarliniWagner,0.9861751152073732,15.949043168669338,0.07535747546830047,0.1311668411896917,0.3578139063676396,5.427425732092454,0.08318040336635478,0.3642634623943035,0.5
house_16H,MLP,L2DeepFool,0.9984639016897081,13.025494505494505,0.05132581831470316,0.06704660552428622,0.1654944608709551,4.9762323953066145,0.06027307959424254,0.4228571428571429,0.3
house_16H,TabTransformer,L2Gaussian,0.39499670836076367,14.846111111111112,0.4593768401775095,0.7909127187397745,2.3138497545321783,32.071071961464924,0.5520156763245662,1.0,1.0
house_16H,TabTransformer,LinfFGSM,0.999780557384244,14.50943810359965,0.300000021157294,0.9404995975602186,3.200985700336855,41.175254828432045,0.3698639152694209,1.0,0.3
house_16H,TabTransformer,LinfPGD,1.0,15.884573184112355,0.30000001341202603,0.9157211598346493,3.316873425581436,31.2752871872246,0.33374671198203687,1.0,0.3
house_16H,TabTransformer,LinfBIM,1.0,14.952161509765196,0.3000000139940771,0.944673807625711,3.4029853642706236,31.122204148729192,0.35602147390320815,1.0,0.3
house_16H,TabTransformer,L2CarliniWagner,0.978494623655914,15.940345368916798,0.08842309668042289,0.15544370414783878,0.42067332219887443,5.252689060148624,0.09760237874094997,0.4043507512895268,0.5
house_16H,TabTransformer,L2DeepFool,0.9989027869212201,11.885984182776802,0.07512432653524954,0.10758210126276727,0.27829757868501553,5.405525501447512,0.09554499509364667,0.37917398945518455,0.5
house_16H,FTTransformer,L2Gaussian,0.37041913539609395,14.961492890995261,0.45729650374307734,0.7878036700824708,2.30555996605994,31.921833921514263,0.544518241950121,1.0,1.0
house_16H,FTTransformer,LinfFGSM,0.8398068904981347,14.574601515547426,0.10000002383796422,0.3501819645747959,1.2715214301657047,16.33252670681565,0.12318526195162172,1.0,0.1
house_16H,FTTransformer,LinfPGD,0.8161070879964889,14.668997042215649,0.09938468022207382,0.29359463686246196,1.015256833600626,13.231026359198479,0.12127375128120785,0.9911266469481044,0.1
house_16H,FTTransformer,LinfBIM,0.8518762343647136,14.310664605873262,0.08875650744059924,0.28844952674046165,1.0280574812212675,12.843646294700005,0.11317914368518538,0.9925296239052035,0.1
house_16H,FTTransformer,L2CarliniWagner,0.945139346061005,15.699326677501741,0.12221919315947279,0.2129759480837414,0.5798324029599846,8.647580886710054,0.1473292912360406,0.4232644532156954,1.0
house_16H,FTTransformer,L2DeepFool,0.8411235461926706,11.809548656404905,0.13286838136715903,0.15448913361452019,0.3054641677607637,7.161923470109907,0.16860559554835167,0.38612053222019305,0.5
jm1,LogisticRegression,L2Gaussian,0.19246669728984842,18.856801909307876,0.004634261810329692,0.009197533838584272,0.03208194100486919,719061.6008580427,0.009388861026357068,0.9856801909307876,0.01
jm1,LogisticRegression,LinfFGSM,1.0,16.975195222783647,0.49999999898696745,1.1267782560334492,3.2166840328116675,3256.426426804713,1.2342953602545952,1.0,0.5
jm1,LogisticRegression,LinfPGD,0.9995406522737712,16.97610294117647,0.49999999882215085,1.1253095633240746,3.2123981542775737,33683.41984933928,1.2342911602052695,1.0,0.5
jm1,LogisticRegression,LinfBIM,1.0,16.975195222783647,0.49999999898696745,1.1267782560334492,3.2166840328116675,3256.426426804713,1.2342953602545952,1.0,0.5
jm1,LogisticRegression,L2CarliniWagner,0.19246669728984842,20.985680190930786,5.162678408245601e-07,2.2210000365280036e-06,1.0144447551804471e-05,4.1527556143639135,9.177525077568898e-07,0.15513126491646778,0.01
jm1,LogisticRegression,L2DeepFool,0.3435920992191089,6.5949197860962565,0.13863661789639112,0.2277285133931726,0.4929882549347087,10136001.081920387,0.35512516563907665,0.516042780748663,1.0
jm1,MLP,L2Gaussian,0.6587046394120349,18.651324965132495,0.42823234842661534,0.7300025450800919,2.1049734056827245,56234463.88592622,0.8798763710210513,1.0,1.0
jm1,MLP,LinfFGSM,0.9986219568213137,20.021159153633853,0.10000000603791762,0.39449136134617463,1.7135539894380367,17.104114869937096,0.1956059360378032,1.0,0.1
jm1,MLP,LinfPGD,0.9977032613688562,20.064456721915285,0.0999910782912873,0.3910287288746507,1.6994850482469215,8428.193397040763,0.19517122477320456,1.0,0.1
jm1,MLP,LinfBIM,0.9986219568213137,20.057497700091997,0.10000000603791762,0.3946970922336078,1.716492239169934,16.894400554080228,0.1952492164682662,1.0,0.1
jm1,MLP,L2CarliniWagner,0.44740468534680755,20.99794661190965,0.08418625800715775,0.13241701174499654,0.43850966827125604,22017.30250605204,0.1495430118280167,0.6365503080082136,0.5
jm1,MLP,L2DeepFool,0.9990813045475425,16.79310344827586,0.06624737550943405,0.1676162854845946,0.6599441367788134,5681567.024597566,0.11927607967700253,0.8335632183908046,0.5
jm1,TabTransformer,L2Gaussian,0.28341754708314193,18.640194489465156,0.4060948459217189,0.6921339324363047,2.00925788500707,46867981.382834174,0.8407812488040429,1.0,1.0
jm1,TabTransformer,LinfFGSM,1.0,18.908589802480478,0.3000000127286171,0.9624966626929536,3.2257540868847645,776090.7954818886,0.6090966656660344,1.0,0.3
jm1,TabTransformer,LinfPGD,0.9889756545705098,20.41802136553646,0.2606565444429586,0.5614253033732903,1.9800371585255494,23904216.31758064,0.47850123755166657,1.0,0.3
jm1,TabTransformer,LinfBIM,1.0,19.102434542949013,0.14160772148121045,0.35498993950230734,1.2262750238686677,5033427.852530675,0.28772381434048544,1.0,0.3
jm1,TabTransformer,L2CarliniWagner,0.7326596233348645,20.99811912225705,0.033792712598352016,0.04969378583369542,0.14465209533863,2996.106456545357,0.06002718396997854,0.7780564263322884,0.3
jm1,TabTransformer,L2DeepFool,0.9995406522737712,15.375,0.04706662278819268,0.0645247607401817,0.18013591518341426,15483.361085754257,0.09403123713673267,0.8069852941176471,0.5
jm1,FTTransformer,L2Gaussian,0.4533762057877814,18.839918946301925,0.4238842409764621,0.7327710518721027,2.1483617765562877,54102020.44639306,0.8680749787083755,1.0,1.0
jm1,FTTransformer,LinfFGSM,0.9196141479099679,19.88161838161838,0.30000001208467797,1.1269267010283874,4.587492855665805,128780835.2117184,0.5855132965119807,1.0,0.3
jm1,FTTransformer,LinfPGD,0.9977032613688562,20.174493554327807,0.2969377955445817,1.0660730275646209,4.323230662316249,44333187.52627772,0.5543394650077074,1.0,0.3
jm1,FTTransformer,LinfBIM,0.9232889297197979,19.933333333333334,0.26766942581393527,1.0363699071294632,4.25807653075427,9407555.746482862,0.5148530927982496,1.0,0.3
jm1,FTTransformer,L2CarliniWagner,0.46531924666972896,20.99802566633761,0.08659094913570131,0.14739889756805633,0.47705989163302914,734689.9749760187,0.15381454861623053,0.650542941757157,0.5
jm1,FTTransformer,L2DeepFool,0.9214515388148828,16.291625124626123,0.11094839953708788,0.2484825790965612,0.9518001106932595,14846522.405178303,0.20169317103636378,0.8195413758723828,0.5
BreastCancer,LogisticRegression,L2Gaussian,0.11403508771929824,30.0,0.4001102630908673,0.871811949289762,3.8094304341536303,93.9835854911836,0.09880443891653648,1.0,1.0
BreastCancer,LogisticRegression,LinfFGSM,1.0,29.92982456140351,0.30000003335768716,1.491753169319086,7.859931632092125,30.62192936982298,0.07426379457638975,1.0,0.3
BreastCancer,LogisticRegression,LinfPGD,1.0,29.92982456140351,0.3000000289134812,1.4038850759205066,7.317016693583706,38.77082014995662,0.07426379444567781,1.0,0.3
BreastCancer,LogisticRegression,LinfBIM,1.0,29.92982456140351,0.30000003335768716,1.491753169319086,7.859931632092125,30.62192936982298,0.07426379457638975,1.0,0.3
BreastCancer,LogisticRegression,L2CarliniWagner,0.9824561403508771,29.973214285714285,0.12728381732345692,0.41568811516235166,2.0025163885937736,18.498808067054284,0.03143185228611107,0.9107142857142857,1.0
BreastCancer,LogisticRegression,L2DeepFool,1.0,28.087719298245613,0.09392374381422997,0.31589398129532736,1.4768990156681914,18.12894339836128,0.023290534159617925,0.8859649122807017,1.0
BreastCancer,MLP,L2Gaussian,0.09649122807017543,30.0,0.39080997759645636,0.860997660593553,3.7275661771947686,92.23377889449722,0.09650780328295448,1.0,1.0
BreastCancer,MLP,LinfFGSM,0.9912280701754386,29.86725663716814,0.3000000303825446,1.4714346828713882,7.708556137253753,56.45919169825053,0.07444233091267864,1.0,0.3
BreastCancer,MLP,LinfPGD,0.9912280701754386,29.92920353982301,0.3000000309100193,1.3779307192405768,7.089331951816525,53.14849840194956,0.07426378032011269,1.0,0.3
BreastCancer,MLP,LinfBIM,1.0,29.763157894736842,0.30000003466480657,1.4966661564090795,7.900398622479355,50.78233712826867,0.07469275783289943,1.0,0.3
BreastCancer,MLP,L2CarliniWagner,0.9035087719298246,29.990291262135923,0.13923107659064451,0.4473747875428563,2.1615088618568423,31.62562135850995,0.03438214447647763,0.9223300970873787,1.0
BreastCancer,MLP,L2DeepFool,0.9473684210526315,29.02777777777778,0.1734909366954256,0.479665935298221,2.201397591649934,17.03719033762049,0.0432733549565051,0.8148148148148148,1.0
BreastCancer,TabTransformer,L2Gaussian,0.23684210526315788,30.0,0.3726536918569494,0.8826239925843699,3.8082569351902715,109.11054770187371,0.09202423526181115,1.0,1.0
BreastCancer,TabTransformer,LinfFGSM,0.6842105263157895,29.96153846153846,0.30000003713827866,1.4567640316792023,7.613716932443472,57.57606903905325,0.07418117863245499,1.0,0.3
BreastCancer,TabTransformer,LinfPGD,0.8859649122807017,29.980198019801982,0.4875397224827568,1.278462568722149,5.794268697795301,95.79682487333393,0.12047456920442015,1.0,0.5
BreastCancer,TabTransformer,LinfBIM,0.6929824561403509,26.253164556962027,0.4503093980535676,1.1965851504591447,5.268272831470152,107.07094858472007,0.13067948341935495,1.0,0.5
BreastCancer,TabTransformer,L2CarliniWagner,0.6666666666666666,29.973684210526315,0.07481117851689066,0.25304232633104107,1.2345868807016431,13.181558226549049,0.018474099385790355,0.8421052631578947,1.0
BreastCancer,TabTransformer,L2DeepFool,0.7192982456140351,26.670731707317074,0.11405258080581339,0.2478749772610793,1.0467678472717725,23.477004077135916,0.028201375593841765,0.6829268292682927,1.0
BreastCancer,FTTransformer,L2Gaussian,0.18421052631578946,30.0,0.38844381059919086,0.9038160017558506,3.9993283294496083,102.71430311492107,0.09592349366063163,1.0,1.0
BreastCancer,FTTransformer,LinfFGSM,0.3508771929824561,29.925,0.300000037252903,1.477023434638977,7.7633548974990845,244.91457868038142,0.07428871188312769,1.0,0.3
BreastCancer,FTTransformer,LinfPGD,0.7982456140350878,29.89010989010989,0.8422174185186952,2.1136909251684672,8.99587746504899,195.33665383282138,0.20881039624685768,1.0,1.0
BreastCancer,FTTransformer,LinfBIM,0.3508771929824561,29.425,0.09400001130998134,0.3448808487504721,1.8247642695903779,57.71191542942768,0.02368892936501652,1.0,0.1
BreastCancer,FTTransformer,L2CarliniWagner,0.5350877192982456,29.9672131147541,0.16190440622998065,0.46296384135911706,2.2197309167536554,24.561706240007243,0.03998116625283818,0.6721311475409836,1.0
BreastCancer,FTTransformer,L2DeepFool,0.3508771929824561,27.675,0.13066623024642468,0.38379384520521853,1.7583018695004284,59.42588818304623,0.032361370298895055,0.925,0.5
WineQuality-White,LogisticRegression,L2Gaussian,0.32346938775510203,10.993690851735016,0.4992424582927385,0.8094390304494732,2.172192739387416,25.533620217500307,0.5371657741088597,1.0,1.0
WineQuality-White,LogisticRegression,LinfFGSM,0.9826530612244898,10.996884735202492,0.3000000248878792,0.892971733648829,2.856454253444295,19.67447246599026,0.32265584385902585,1.0,0.3
WineQuality-White,LogisticRegression,LinfPGD,1.0,10.996938775510204,0.49996740830187897,1.3300266572407313,4.111127367068311,28.551087458976813,0.5377217593849922,1.0,0.5
WineQuality-White,LogisticRegression,LinfBIM,0.9826530612244898,10.996884735202492,0.3000000248878792,0.892971733648829,2.856454253444295,19.67447246599026,0.32265584385902585,1.0,0.3
WineQuality-White,LogisticRegression,L2CarliniWagner,0.9877551020408163,10.929752066115702,0.17293943035005485,0.35916943975783544,1.0056550137697207,11.845935037306937,0.18594179854226037,0.7231404958677686,1.0
WineQuality-White,LogisticRegression,L2DeepFool,1.0,7.419387755102041,0.19805960111624124,0.3165509372968607,0.7885785121850821,11.623679481086183,0.21295061342190114,0.726530612244898,1.0
WineQuality-White,MLP,L2Gaussian,0.39387755102040817,10.992227979274611,0.5043872403357313,0.8238888452398963,2.2095559943525283,26.48506848870123,0.5427852952418549,1.0,1.0
WineQuality-White,MLP,LinfFGSM,1.0,10.996938775510204,0.30000002359857364,0.8665436039165575,2.730539192228901,29.089210793833786,0.32265409821150254,1.0,0.3
WineQuality-White,MLP,LinfPGD,1.0,10.996938775510204,0.2997068529378395,0.7106488299917202,2.1161729879525244,18.72668164447247,0.3223388808418293,1.0,0.3
WineQuality-White,MLP,LinfBIM,1.0,10.736734693877551,0.3000000206487519,0.7790979659070774,2.3618840415867006,21.361878967920518,0.3312007168117835,1.0,0.3
WineQuality-White,MLP,L2CarliniWagner,0.9959183673469387,10.94672131147541,0.08169729836866237,0.1515031486422446,0.4280387670191513,4.700434198107361,0.08783967117754202,0.42418032786885246,0.5
WineQuality-White,MLP,L2DeepFool,1.0,8.214285714285714,0.07745171087813013,0.12399705013477633,0.3136717920771287,5.433846383915692,0.08328666987321671,0.463265306122449,0.5
WineQuality-White,TabTransformer,L2Gaussian,0.38571428571428573,10.992063492063492,0.5063928507623219,0.8173595641655896,2.1752450157094887,24.774446887720327,0.5449881469288831,1.0,1.0
WineQuality-White,TabTransformer,LinfFGSM,0.996938775510204,10.996929375639713,0.3000000255561778,0.8463415335120296,2.64018798313707,25.816209665168635,0.32265440535520945,1.0,0.3
WineQuality-White,TabTransformer,LinfPGD,0.9571428571428572,11.0,0.2903506687359769,0.5375272639905975,1.4756780470103852,9.207597830803739,0.3121805204225502,0.9776119402985075,0.3
WineQuality-White,TabTransformer,LinfBIM,0.9989795918367347,9.376915219611849,0.2936874487426844,0.5701869245812647,1.5267223463725752,8.730143230676417,0.3755411363308593,0.9775280898876404,0.3
WineQuality-White,TabTransformer,L2CarliniWagner,0.9918367346938776,10.944444444444445,0.08547189806270847,0.15265025067110455,0.4070761452312581,4.959426070258288,0.09189806282327215,0.4722222222222222,0.5
WineQuality-White,TabTransformer,L2DeepFool,0.9785714285714285,7.982273201251304,0.1025990577408805,0.14446531481056632,0.3526860625688006,4.250216710681939,0.11034148654995662,0.3305526590198123,0.5
WineQuality-White,FTTransformer,L2Gaussian,0.34285714285714286,10.99702380952381,0.498723645384113,0.8062629307664576,2.1532215859208788,26.230442441867304,0.5364375351706431,1.0,1.0
WineQuality-White,FTTransformer,LinfFGSM,0.986734693877551,10.99482936918304,0.30000002452604774,0.8851680922039785,2.8020544472500113,30.019407655019023,0.32272214011790956,1.0,0.3
WineQuality-White,FTTransformer,LinfPGD,0.9510204081632653,10.994635193133048,0.4922912906487612,0.9429695386871247,2.624248993115364,24.725602538647063,0.5295849153092491,1.0,0.5
WineQuality-White,FTTransformer,LinfBIM,0.9938775510204082,10.358316221765914,0.2671732451437802,0.6581833059660464,1.9438975528035565,17.11520731790522,0.30714838603010414,0.9989733059548255,0.3
WineQuality-White,FTTransformer,L2CarliniWagner,0.9857142857142858,10.94927536231884,0.10349994884176261,0.15791635469880613,0.3778084612166602,4.156128965693517,0.11128154340228877,0.3002070393374741,1.0
WineQuality-White,FTTransformer,L2DeepFool,0.996938775510204,8.263050153531218,0.19420839477799443,0.27618466849660955,0.5758628188627662,8.030752895022381,0.20881365472531283,0.31525076765609006,1.0
WineQuality-Red,LogisticRegression,L2Gaussian,0.40625,10.961538461538462,0.5028109658222932,0.8255509307751289,2.210101105616643,11.065827175469856,0.367739497927519,0.9923076923076923,1.0
WineQuality-Red,LogisticRegression,LinfFGSM,1.0,10.95,0.3000000236555934,0.884981201402843,2.801942451298237,9.803261175511029,0.21966331703588365,1.0,0.3
WineQuality-Red,LogisticRegression,LinfPGD,1.0,10.95,0.3000000192783773,0.8295839559286833,2.602182822674513,9.455945396745332,0.21966331051662563,1.0,0.3
WineQuality-Red,LogisticRegression,LinfBIM,1.0,10.95,0.3000000236555934,0.884981201402843,2.801942451298237,9.803261175511029,0.21966331703588365,1.0,0.3
WineQuality-Red,LogisticRegression,L2CarliniWagner,1.0,10.81875,0.0764621112270106,0.17033957108685946,0.5129485785793804,3.553138010664822,0.05570401301253565,0.215625,1.0
WineQuality-Red,LogisticRegression,L2DeepFool,0.99375,7.886792452830188,0.055895094297029685,0.1260948681547863,0.37310555835002623,3.520135118226776,0.04089016034179982,0.22641509433962265,0.5
WineQuality-Red,MLP,L2Gaussian,0.43125,10.956521739130435,0.5016131232614103,0.8200348397527916,2.202282534993213,10.75000778524578,0.3668107233833576,0.9855072463768116,1.0
WineQuality-Red,MLP,LinfFGSM,1.0,10.934375,0.30000002281740307,0.887239016406238,2.8104635566473006,11.668395060887468,0.22000480811111628,1.0,0.3
WineQuality-Red,MLP,LinfPGD,1.0,10.990625,0.3000000208616257,0.7988795338198542,2.4628349613398313,10.872496925747274,0.21876025502569973,1.0,0.3
WineQuality-Red,MLP,LinfBIM,1.0,10.940625,0.30000002356246114,0.8605262508615852,2.693599005043507,12.019603280731335,0.21985303480178117,1.0,0.3
WineQuality-Red,MLP,L2CarliniWagner,1.0,10.828125,0.07812097132045892,0.15434014882994268,0.4394062007959292,3.5107790306260838,0.056912521438062136,0.196875,0.5
WineQuality-Red,MLP,L2DeepFool,1.0,8.015625,0.09031372409663163,0.157924510580051,0.4154604804178234,3.2795995792104606,0.06628925098702894,0.140625,0.5
WineQuality-Red,TabTransformer,L2Gaussian,0.434375,10.971223021582734,0.5067010721285566,0.829708805187143,2.2189298645197915,11.079918890247372,0.3701411398837892,1.0,1.0
WineQuality-Red,TabTransformer,LinfFGSM,0.79375,10.728346456692913,0.29527561566022437,0.8615460391119709,2.714605662766404,12.204487767937716,0.21728380417495263,0.9881889763779528,0.3
WineQuality-Red,TabTransformer,LinfPGD,0.840625,10.977695167286246,0.4523251256091887,0.8126117424229263,2.223415591459735,9.09046066560829,0.33025744729104095,1.0,0.5
WineQuality-Red,TabTransformer,LinfBIM,0.796875,9.72549019607843,0.1985882435359207,0.46945061964147233,1.340758301230038,5.530610628128591,0.16690301725677414,0.8156862745098039,0.3
WineQuality-Red,TabTransformer,L2CarliniWagner,0.79375,10.791338582677165,0.05555132145931079,0.1092938934549329,0.30856218983283573,3.4440062140081382,0.04047013172436187,0.18110236220472442,0.5
WineQuality-Red,TabTransformer,L2DeepFool,0.79375,7.145669291338582,0.062217430218936894,0.1004049898781557,0.24430940724087982,3.3214115640800186,0.046333279991756175,0.16929133858267717,0.5
WineQuality-Red,FTTransformer,L2Gaussian,0.428125,10.956204379562044,0.5054016239451666,0.8259329095374058,2.199985259640826,10.877955101198982,0.36986006774606495,1.0,1.0
WineQuality-Red,FTTransformer,LinfFGSM,0.925,10.91891891891892,0.30000002450636915,0.880030893393465,2.780392569464606,10.321477875720669,0.22034384179356936,1.0,0.3
WineQuality-Red,FTTransformer,LinfPGD,0.925,10.97972972972973,0.2953882646319029,0.6888226458953844,2.03391837288399,8.035321679261628,0.21563862762539773,0.972972972972973,0.3
WineQuality-Red,FTTransformer,LinfBIM,0.925,10.45945945945946,0.24965278781648423,0.6709826511859491,2.0416525187272883,7.761369712363268,0.19354441958303387,0.9121621621621622,0.3
WineQuality-Red,FTTransformer,L2CarliniWagner,0.99375,10.839622641509434,0.10089076629696332,0.1809563504286928,0.4895103096781861,3.557341822074553,0.07361448860935395,0.1792452830188679,1.0
WineQuality-Red,FTTransformer,L2DeepFool,0.921875,7.762711864406779,0.11783274215156748,0.16847813987721674,0.3768135824193389,3.488084694719055,0.08668297383168681,0.2271186440677966,0.5
phoneme,LogisticRegression,L2Gaussian,0.30619796484736356,5.0,0.5541815808172312,0.7827148473514891,1.5167181641313605,5.353984160072443,0.693875604615831,0.9879154078549849,1.0
phoneme,LogisticRegression,LinfFGSM,0.9814986123959297,5.0,0.4996280547417525,1.0132533153984258,2.2235005427710184,5.190469747289063,0.6255705859389201,1.0,0.5
phoneme,LogisticRegression,LinfPGD,1.0,5.0,0.732338183131293,1.2744480959802287,2.732706808139614,6.357484586981063,0.9169406197227669,1.0,1.0
phoneme,LogisticRegression,LinfBIM,0.9814986123959297,5.0,0.4996280547417525,1.0132533153984258,2.2235005427710184,5.190469747289063,0.6255705859389201,1.0,0.5
phoneme,LogisticRegression,L2CarliniWagner,0.2904717853839038,4.589171974522293,2.7838833392805354e-07,4.084211013832828e-07,7.964172370874198e-07,2.205278260311532,3.8227485903727394e-07,0.06687898089171974,0.01
phoneme,LogisticRegression,L2DeepFool,0.9990749306197965,3.5462962962962963,0.295361007998387,0.3902718949649069,0.7032315388597824,2.9147015316619242,0.3698134448241304,0.23981481481481481,1.0
phoneme,MLP,L2Gaussian,0.34320074005550416,5.0,0.5663165108694863,0.8084971072538844,1.5682853649890005,5.30559971965405,0.7090694220721561,0.9865229110512129,1.0
phoneme,MLP,LinfFGSM,1.0,5.0,0.30000002609150594,0.6562047160741469,1.4595392752752383,3.81752659829659,0.37562183962719625,0.7123034227567068,0.3
phoneme,MLP,LinfPGD,0.9953746530989824,5.0,0.29915156702902235,0.5568328421133601,1.1741438652059846,3.1833981214897404,0.37455950815881495,0.39312267657992567,0.3
phoneme,MLP,LinfBIM,1.0,4.814986123959297,0.30000002631205963,0.6144295337297209,1.3196864431925552,3.3659734613391805,0.39305356428868016,0.4838112858464385,0.3
phoneme,MLP,L2CarliniWagner,0.4606845513413506,4.813253012048193,0.19497754383667645,0.30440136715150506,0.6398465012136593,3.696936842448065,0.24412606923526878,0.3232931726907631,1.0
phoneme,MLP,L2DeepFool,1.0,3.9361702127659575,0.14905082149763663,0.23049276178637235,0.47078163169193443,2.2610446131634445,0.18662245904490055,0.04625346901017576,1.0
phoneme,TabTransformer,L2Gaussian,0.34135060129509714,5.0,0.5564290068660002,0.7911188510375294,1.5353975785457021,5.386653942388971,0.6966895515195076,0.983739837398374,1.0
phoneme,TabTransformer,LinfFGSM,0.6854764107308048,4.399460188933873,0.6380697492806696,1.0491362300157225,2.211249313212921,5.872345877556931,0.7989096887681165,0.8852901484480432,1.0
phoneme,TabTransformer,LinfPGD,0.9454209065679926,5.0,0.5792144957033155,0.81022260820679,1.547008113793431,4.723832892691262,0.725218636182423,0.8522504892367906,1.0
phoneme,TabTransformer,LinfBIM,0.8603145235892692,4.208602150537635,0.2154193648407536,0.3838967992573656,0.7897000082237746,2.397000867806355,0.29195508874391995,0.11290322580645161,0.3
phoneme,TabTransformer,L2CarliniWagner,0.3098982423681776,4.737313432835821,0.06048534907289405,0.09712202695674328,0.20635357575852478,2.8398065298585142,0.07603182256303789,0.14925373134328357,1.0
phoneme,TabTransformer,L2DeepFool,0.8556891766882516,3.7621621621621624,0.21674142189928003,0.31030841048306634,0.5955213373818913,2.7408956936304296,0.2713760092086159,0.29081081081081084,1.0
phoneme,FTTransformer,L2Gaussian,0.34320074005550416,5.0,0.5572099940314126,0.8006033891776823,1.5631889418932305,5.351676829602088,0.6976674004706411,0.9811320754716981,1.0
phoneme,FTTransformer,LinfFGSM,0.6493987049028677,5.0,0.7219671917352242,1.2269261965045222,2.621939338000751,7.107554111912335,0.9039553851313741,1.0,1.0
phoneme,FTTransformer,LinfPGD,0.8260869565217391,4.997760358342665,0.4380417064182702,0.6400851463483936,1.2358659070323055,3.8044498087105665,0.5487521330493295,0.6506159014557671,0.5
phoneme,FTTransformer,LinfBIM,0.81313598519889,4.24004550625711,0.2752534866129579,0.44987099928796226,0.886981816523718,2.9093476686590365,0.4177959749865698,0.285551763367463,0.3
phoneme,FTTransformer,L2CarliniWagner,0.41905642923219244,4.827814569536423,0.06260652202808567,0.10009632657082203,0.20964985800532843,2.341813987088367,0.07838792860610705,0.1346578366445916,0.5
phoneme,FTTransformer,L2DeepFool,0.8362627197039778,3.8053097345132745,0.23272437221510747,0.34812979450429643,0.6824783044826008,3.2472643690495677,0.29138782559047954,0.4424778761061947,1.0
MiniBooNE,LogisticRegression,L2Gaussian,0.2798,49.888134381701214,0.3250169008703978,0.755742182703509,3.448713477549168,14182.489760600545,0.14930422759060352,1.0,1.0
MiniBooNE,LogisticRegression,LinfFGSM,0.992,49.884274193548386,0.10000002375848951,0.5650835600621518,3.2944495047532745,9455.439306441313,0.046008272258745084,1.0,0.1
MiniBooNE,LogisticRegression,LinfPGD,1.0,49.8852,0.3000000187754631,1.6216622053146363,9.204749436664581,28291.839617598485,0.13801819424331188,1.0,0.3
MiniBooNE,LogisticRegression,LinfBIM,0.992,49.884274193548386,0.10000002375848951,0.5650835600621518,3.2944495047532745,9455.439306441313,0.046008272258745084,1.0,0.1
MiniBooNE,LogisticRegression,L2CarliniWagner,0.278,49.13165467625899,0.004575359499711784,0.009515864663867613,0.02966229433743216,7.467464767440167,0.002092597425524532,0.20431654676258992,0.1
MiniBooNE,LogisticRegression,L2DeepFool,0.9973,38.47598515993182,0.10423418286480708,0.13096942759077676,0.32974522910515086,181.2698394777026,0.04784769059610019,0.7849192820615662,0.3
MiniBooNE,MLP,L2Gaussian,0.3204,49.98876404494382,0.3228105397920558,0.752855745622058,3.4407131419274095,14017.157215374318,0.1477247714024321,1.0,1.0
MiniBooNE,MLP,LinfFGSM,0.9939,49.99537176778348,0.10000002383960901,0.5428659533732302,3.0572161881277675,8905.7995843516,0.04574075694788041,1.0,0.1
MiniBooNE,MLP,LinfPGD,0.9921,49.9972785001512,0.10000002383960493,0.47556798298408665,2.630645373982415,8562.079615765892,0.04573836897862869,1.0,0.1
MiniBooNE,MLP,LinfBIM,0.9954,49.13361462728551,0.1000000238396124,0.5122309303113632,2.827712765606096,9092.362766560782,0.046567898243665695,1.0,0.1
MiniBooNE,MLP,L2CarliniWagner,0.8047,49.80154094693675,0.023612528102389327,0.051777508085000076,0.17044879792145765,15.000245782077528,0.010800903665885002,0.7478563439791227,0.1
MiniBooNE,MLP,L2DeepFool,0.9922,41.79399314654304,0.0446149432816541,0.07410124402229486,0.2716025343103485,296.8474604088109,0.02040484822551138,0.8496270913122355,0.3
MiniBooNE,TabTransformer,L2Gaussian,0.3671,49.935984745301006,0.3232329462430874,0.7552582131715472,3.450628625732844,14114.441500747735,0.14817550618458236,1.0,1.0
MiniBooNE,TabTransformer,LinfFGSM,0.9991,49.91272144930437,0.050000011879540986,0.2685098726014907,1.5186964722799354,5064.83414935577,0.02294029368003941,1.0,0.05
MiniBooNE,TabTransformer,LinfPGD,0.9996,49.99149659863946,0.04998688278820406,0.24347064129802504,1.4041699019431018,3681.312895300213,0.022864703905722854,1.0,0.05
MiniBooNE,TabTransformer,LinfBIM,0.9999,49.76257625762576,0.0500000118795741,0.268929684572857,1.5781260915059592,3765.05219274219,0.02297940990156514,1.0,0.05
MiniBooNE,TabTransformer,L2CarliniWagner,0.9461,49.84758482190043,0.016877369807721847,0.03615505155639746,0.12168578514528795,16.832164389060704,0.0077196505638302505,0.7904027058450481,0.1
MiniBooNE,TabTransformer,L2DeepFool,0.9997,42.4000200060018,0.019809776350569453,0.03500060438724512,0.14564796843288802,238.98816296146285,0.009061045286775137,0.8603581074322296,0.3
MiniBooNE,FTTransformer,L2Gaussian,0.3499,49.98913975421549,0.3230866105403516,0.755029505177817,3.456798347789037,14061.473565050794,0.1478283493927323,1.0,1.0
MiniBooNE,FTTransformer,LinfFGSM,0.988,49.996153846153845,0.1000000238395956,0.5417810437167704,3.057330872510609,9031.28664022506,0.04573916642953027,1.0,0.1
MiniBooNE,FTTransformer,LinfPGD,0.997,49.933901705115346,0.3000000187452722,1.3504157820998606,7.23663991600006,21781.848968063827,0.13749562233028823,1.0,0.3
MiniBooNE,FTTransformer,LinfBIM,0.9919,49.560338743824985,0.10000002383960448,0.5515110634822424,3.182491447226344,8910.765450390136,0.046150923440780645,1.0,0.1
MiniBooNE,FTTransformer,L2CarliniWagner,0.4586,49.664631487134756,0.017266686552484846,0.025434325155135648,0.06563127925568712,14.552659570201708,0.007898430315061399,0.6046663759267336,0.1
MiniBooNE,FTTransformer,L2DeepFool,0.9857,41.79618545196307,0.11971076377823857,0.15918713050652952,0.46831224069788085,776.176869727413,0.05507786833717944,0.843157147205032,0.5
